Name,Title,Company,Industry,Website,Email,About
Ravi Shah,CEO,FinTechPro,Finance,fintechpro.com,ravi@fintechpro.com,A platform offering microloans to startups
Anita Mehta,CMO,FashionBee,Retail,fashionbee.in,anita@fashionbee.in,E-commerce site for eco-friendly fashion
Raj Verma,Head of Marketing,Swiggy,Food,swiggy.com,raj@swiggy.com,Fast-growing food delivery app with AI-based tracking
Sneha Kulkarni,Founder,CodeWell,Technology,codewell.io,sneha@codewell.io,An early-stage SaaS product for coders
